poly_degree,sigma,l,sigma_obs,multiplier,logLike
3.000000000000000000e+00,2.439181093999999828e+00,4.260027599999999803e-01,1.113306766000000003e+01,5.933768592999999925e+00,-0.000000000000000000e+00
3.000000000000000000e+00,2.047714485999999834e+00,7.951794492000000547e-01,1.490115671999999947e+01,2.175362310000000132e+00,-0.000000000000000000e+00
3.000000000000000000e+00,1.046012876000000036e+00,8.614606156999999875e-01,4.700699417000000047e+00,5.073048321999999999e-01,-0.000000000000000000e+00
3.000000000000000000e+00,1.040175749999999955e+00,1.595974243000000126e-01,1.023496563999999998e+00,5.735284089000000307e+00,-0.000000000000000000e+00
3.000000000000000000e+00,3.799310429000000155e+00,5.756792034000000058e-01,1.093373285000000017e+01,1.848533583999999896e+00,-0.000000000000000000e+00
3.000000000000000000e+00,2.619514580999999787e+00,5.042631996999999977e-01,4.441970583999999889e+00,3.464662435999999790e+00,-0.000000000000000000e+00
3.000000000000000000e+00,2.838081300999999890e+00,4.420545993000000173e-01,1.905716290000000157e+01,4.965806674999999615e+00,-0.000000000000000000e+00
3.000000000000000000e+00,2.664521607000000181e+00,7.519167986000000470e-01,8.115713251000000739e+00,2.499197896000000085e+00,-0.000000000000000000e+00
3.000000000000000000e+00,2.501735118000000035e+00,3.302078782000000268e-01,1.085009392999999989e+01,1.555190797000000069e+00,-0.000000000000000000e+00
3.000000000000000000e+00,2.191964936000000197e+00,2.904112105000000166e-01,5.141787401000000202e+00,7.770888510000000249e-01,-0.000000000000000000e+00
3.000000000000000000e+00,1.306540495999999996e+00,6.532696755000000355e-01,8.244048155999999850e+00,4.463036245999999707e+00,-0.000000000000000000e+00
3.000000000000000000e+00,3.247193981000000118e+00,2.776593391000000133e-01,5.878672000999999980e+00,4.965681211999999789e+00,-0.000000000000000000e+00
3.000000000000000000e+00,3.115932738999999785e+00,5.452356318000000091e-01,1.820685861999999844e+01,5.436061854999999499e-01,-0.000000000000000000e+00
3.000000000000000000e+00,2.302610060000000125e+00,2.357695485999999896e-01,7.738450253999999973e+00,5.137529035000000244e-01,-0.000000000000000000e+00
3.000000000000000000e+00,1.282711091999999997e+00,8.756788824000000249e-01,6.360983646000000213e+00,1.951596317999999997e+00,-0.000000000000000000e+00
3.000000000000000000e+00,1.814662097000000029e+00,2.101569315000000049e-01,6.690944759999999825e+00,6.775054669000000196e-01,-0.000000000000000000e+00
3.000000000000000000e+00,1.868298127999999947e+00,2.600345338000000228e-01,5.459725677999999860e+00,6.017435214999999893e-01,-0.000000000000000000e+00
3.000000000000000000e+00,1.973586360999999956e+00,8.638901046000000417e-01,3.980828702999999802e+00,1.548783624999999997e+00,-0.000000000000000000e+00
3.000000000000000000e+00,1.291878003000000108e+00,8.581768310999999816e-01,1.127794847000000011e+01,1.006238866999999981e+00,-0.000000000000000000e+00
3.000000000000000000e+00,1.571705730999999995e+00,6.405085063000000023e-01,1.106396012999999989e+01,3.712746742999999960e-01,-0.000000000000000000e+00
3.000000000000000000e+00,1.833633379999999979e+00,4.472073230999999982e-01,5.999163531999999854e+00,4.671760267999999772e-01,-0.000000000000000000e+00
3.000000000000000000e+00,2.534799532000000077e+00,7.081464494000000442e-01,2.395169647999999984e+00,3.326396202000000191e+00,-0.000000000000000000e+00
3.000000000000000000e+00,1.411157178000000068e+00,5.950029436999999533e-01,6.175489798000000086e+00,3.038516738000000217e+00,-0.000000000000000000e+00
3.000000000000000000e+00,1.599180413000000023e+00,2.158031485000000138e-01,9.272610664000000114e+00,3.953977003999999962e-01,-0.000000000000000000e+00
3.000000000000000000e+00,1.732583647000000004e+00,8.268322506999999932e-01,4.614063651000000377e+00,2.165608574999999814e+00,-0.000000000000000000e+00
3.000000000000000000e+00,1.886235526999999967e+00,5.390005152000000299e-01,3.815520111000000103e+00,1.058778027000000010e+00,-0.000000000000000000e+00
3.000000000000000000e+00,1.857976832999999939e+00,3.938696367999999781e-01,5.079528600999999810e+00,9.989911097000000240e+00,-0.000000000000000000e+00
3.000000000000000000e+00,4.846885623000000365e+00,2.345663394999999984e-01,1.532701746000000043e+01,5.061870106999999841e+00,-0.000000000000000000e+00
3.000000000000000000e+00,1.917000613999999992e+00,4.917975240999999942e-01,1.212008815000000084e+01,5.151929679000000206e-01,-0.000000000000000000e+00
3.000000000000000000e+00,1.134746647000000053e+00,4.467089000999999726e-01,4.519612078999999838e+00,1.485704053000000080e+00,-0.000000000000000000e+00
3.000000000000000000e+00,3.726801561999999901e+00,8.918272819000000462e-01,1.850035760000000096e+01,6.964051478999999656e-01,-0.000000000000000000e+00
3.000000000000000000e+00,1.784411396999999955e+00,2.161807400000000101e-01,1.727864148999999827e+01,4.785735803000000232e-01,-0.000000000000000000e+00
3.000000000000000000e+00,2.219990324999999931e+00,7.708120848999999719e-01,3.930748412999999886e+00,5.581342821999999870e+00,-0.000000000000000000e+00
3.000000000000000000e+00,1.657083901000000026e+00,5.531963555000000143e-01,1.184511999000000060e+01,3.833025386999999728e-01,-0.000000000000000000e+00
3.000000000000000000e+00,3.183477529000000139e+00,3.529098073999999974e-01,1.295078308000000078e+01,2.967894655999999909e+00,-0.000000000000000000e+00
3.000000000000000000e+00,1.177757917999999959e+00,7.054301253000000438e-01,2.637489437000000159e+00,3.496878863000000059e+00,-0.000000000000000000e+00
3.000000000000000000e+00,1.713734598999999914e+00,3.239166403000000027e-01,7.059253889999999920e+00,3.284658166000000157e-01,-0.000000000000000000e+00
3.000000000000000000e+00,4.853362063999999698e+00,7.852734536000000043e-01,1.803246898000000087e+01,5.975136935999999510e-01,-0.000000000000000000e+00
3.000000000000000000e+00,2.677840848999999857e+00,8.366391922000000481e-01,1.273620859000000038e+01,7.024463365999999986e+00,-0.000000000000000000e+00
3.000000000000000000e+00,4.404234856000000420e+00,8.941562118000000448e-01,1.018409407000000044e+01,3.025404709000000247e-01,-0.000000000000000000e+00
3.000000000000000000e+00,3.065944557999999986e+00,6.287866042999999960e-01,9.902811240000000126e+00,8.807595736000000120e-01,-0.000000000000000000e+00
3.000000000000000000e+00,1.730502254999999989e+00,4.424002517000000245e-01,4.491824570000000350e+00,1.584424690000000080e+00,-0.000000000000000000e+00
3.000000000000000000e+00,1.700344647000000098e+00,4.366656903999999728e-01,9.860038519999999584e-01,2.374658377999999903e+00,-0.000000000000000000e+00
3.000000000000000000e+00,4.072400648000000345e+00,3.747333599000000071e-01,8.851674763000000112e+00,3.570287174999999813e-01,-0.000000000000000000e+00
3.000000000000000000e+00,1.165116315999999985e+00,3.419940103999999925e-01,9.965631462999999357e+00,7.156159004000000046e+00,-0.000000000000000000e+00
3.000000000000000000e+00,1.759259439999999897e+00,6.376305648000000215e-01,3.895143629000000107e+00,2.970893161999999865e+00,-0.000000000000000000e+00
3.000000000000000000e+00,1.503551421999999915e+00,3.150550769000000084e-01,4.851688087000000316e+00,2.150600235000000193e+00,-0.000000000000000000e+00
3.000000000000000000e+00,1.014215515999999928e+00,2.872031495999999851e-01,4.595879844999999797e+00,4.332752602000000230e+00,-0.000000000000000000e+00
3.000000000000000000e+00,4.269277086999999860e+00,7.518509099000000306e-01,3.362217052000000095e+00,5.950407396000000126e+00,-0.000000000000000000e+00
3.000000000000000000e+00,4.596510354000000298e+00,1.669751435999999867e-01,1.531856196000000025e+01,8.099887290999999712e-01,-0.000000000000000000e+00
3.000000000000000000e+00,1.612905478000000059e+00,8.182187207000000129e-01,1.659300779999999920e+00,6.995537328000000166e+00,-0.000000000000000000e+00
3.000000000000000000e+00,1.528763201999999932e+00,3.976538178999999840e-01,1.194634315999999963e+01,1.774061525000000028e+00,-0.000000000000000000e+00
3.000000000000000000e+00,1.484325934999999985e+00,7.807385908999999735e-01,8.648507463999999700e+00,7.972209762000000310e+00,-0.000000000000000000e+00
3.000000000000000000e+00,2.636261526999999827e+00,5.191787446000000195e-01,6.718413950999999606e+00,2.214185612000000081e+00,-0.000000000000000000e+00
3.000000000000000000e+00,1.936328570999999998e+00,3.264661481000000198e-01,5.489403324000000417e+00,1.567891581000000034e+00,-0.000000000000000000e+00
3.000000000000000000e+00,1.648409475000000013e+00,4.264743898000000200e-01,4.323975776000000160e+00,5.293662194999999571e+00,-0.000000000000000000e+00
3.000000000000000000e+00,1.724859872999999988e+00,6.911932718000000087e-01,1.711313751999999866e+01,3.414110582000000060e-01,-0.000000000000000000e+00
3.000000000000000000e+00,1.554140107999999909e+00,8.580532449000000117e-01,6.425799882999999824e+00,8.887631495000000825e+00,-0.000000000000000000e+00
3.000000000000000000e+00,1.130534608999999913e+00,5.834582931999999778e-01,1.491060741999999983e+01,3.842473970999999988e-01,-0.000000000000000000e+00
3.000000000000000000e+00,4.114713573000000402e+00,6.183915679999999471e-01,1.032443081999999990e+01,2.611433255000000120e+00,-0.000000000000000000e+00
3.000000000000000000e+00,2.159661299999999784e+00,1.668727214000000070e-01,3.252314209000000123e-01,8.073192039000000264e+00,-0.000000000000000000e+00
3.000000000000000000e+00,1.347315411000000074e+00,1.494223983000000089e-01,9.237188662999999522e+00,9.085495018000000478e-01,-0.000000000000000000e+00
3.000000000000000000e+00,2.018231727999999947e+00,6.445563029999999971e-01,3.841516286000000058e+00,1.552873361000000063e+00,-0.000000000000000000e+00
3.000000000000000000e+00,1.214914351000000003e+00,1.257600806999999987e-01,3.246144182000000100e+00,9.099502319000000838e+00,-0.000000000000000000e+00
3.000000000000000000e+00,3.191415853000000080e+00,5.832912443000000113e-01,7.472442228000000242e+00,4.815141683000000228e+00,-0.000000000000000000e+00
3.000000000000000000e+00,2.564491996000000107e+00,4.118015455999999852e-01,6.650039828999999569e-01,5.647202190999999871e+00,-0.000000000000000000e+00
3.000000000000000000e+00,2.383526189999999989e+00,4.720928712999999943e-01,4.046072442999999907e+00,3.232178015000000126e+00,-0.000000000000000000e+00
3.000000000000000000e+00,1.090153876000000022e+00,4.736717803000000115e-01,1.943648543000000117e+01,4.774997893000000104e+00,-0.000000000000000000e+00
3.000000000000000000e+00,2.934933585000000011e+00,4.193747857999999828e-01,1.560903062999999946e+01,4.127556251000000231e-01,-0.000000000000000000e+00
3.000000000000000000e+00,2.410478207000000150e+00,2.979883446000000102e-01,9.843822726000000856e+00,4.456345691999999969e-01,-0.000000000000000000e+00
3.000000000000000000e+00,3.135304419000000120e+00,6.142730465000000306e-01,1.539083184000000060e+01,1.467493262999999937e+00,-0.000000000000000000e+00
3.000000000000000000e+00,3.034995572999999780e+00,2.960447708999999761e-01,7.621280454999999954e+00,1.745010225999999998e+00,-0.000000000000000000e+00
3.000000000000000000e+00,1.240123654000000020e+00,2.820431639000000046e-01,1.212291851000000031e+00,2.832311793000000133e+00,-0.000000000000000000e+00
3.000000000000000000e+00,3.157992541000000042e+00,4.954214968000000274e-01,2.802485608000000017e+00,4.059942023999999705e+00,-0.000000000000000000e+00
3.000000000000000000e+00,3.316649319000000151e+00,3.088779398000000009e-01,7.127146760000000469e-01,4.773472254999999720e+00,-0.000000000000000000e+00
3.000000000000000000e+00,1.752009646999999948e+00,1.724482539999999953e-01,1.161865539999999974e+01,2.119399216999999780e+00,-0.000000000000000000e+00
3.000000000000000000e+00,1.168273361000000010e+00,8.464018430999999953e-01,8.399176389999999159e+00,1.766021687000000062e+00,-0.000000000000000000e+00
3.000000000000000000e+00,1.574682423999999914e+00,2.100953395000000057e-01,9.936929516999999379e+00,2.316923908000000143e+00,-0.000000000000000000e+00
3.000000000000000000e+00,2.051516796000000031e+00,1.258220412000000121e-01,2.149293762000000108e+00,4.600908349000000008e+00,-0.000000000000000000e+00
3.000000000000000000e+00,1.651956398999999909e+00,7.632241439000000405e-01,1.549142411999999913e+00,3.436922920999999853e+00,-0.000000000000000000e+00
3.000000000000000000e+00,4.262886156999999621e+00,1.301858989000000133e-01,8.393857816000000582e+00,8.507719665999999847e-01,-0.000000000000000000e+00
3.000000000000000000e+00,3.122272469999999966e+00,4.664821124999999902e-01,8.740543446000000216e+00,5.263851755000000132e+00,-0.000000000000000000e+00
3.000000000000000000e+00,1.136185798000000080e+00,2.668261816999999980e-01,2.459710536999999864e+00,1.414761074999999924e+00,-0.000000000000000000e+00
3.000000000000000000e+00,1.980491701999999909e+00,3.356192469000000012e-01,1.322770343000000004e+01,4.100199459999999796e+00,-0.000000000000000000e+00
3.000000000000000000e+00,1.336164437999999954e+00,8.636773024999999659e-01,7.691593423999999457e-01,8.810435730000000021e+00,-0.000000000000000000e+00
3.000000000000000000e+00,3.292104482000000054e+00,7.488724619000000082e-01,1.241214285000000039e+01,1.031299135999999894e+00,-0.000000000000000000e+00
3.000000000000000000e+00,4.952645901000000350e+00,6.319718109999999944e-01,6.982896133999999755e+00,4.713363705999999986e+00,-0.000000000000000000e+00
3.000000000000000000e+00,1.706232264999999915e+00,1.468317142999999991e-01,1.929570812999999996e+00,1.993106564999999941e+00,-0.000000000000000000e+00
3.000000000000000000e+00,2.037809746000000199e+00,4.427499992000000217e-01,1.449967941999999965e+01,5.681315388000000022e-01,-0.000000000000000000e+00
3.000000000000000000e+00,3.393458348999999874e+00,8.701506636000000405e-01,4.679705604999999657e+00,7.757722417000000092e+00,-0.000000000000000000e+00
3.000000000000000000e+00,2.348275328999999800e+00,6.315913289000000264e-01,1.665131696999999988e+01,3.198875688000000217e-01,-0.000000000000000000e+00
3.000000000000000000e+00,4.074722503000000273e+00,5.014274220000000115e-01,7.035914728999999923e+00,5.210425083999999929e-01,-0.000000000000000000e+00
3.000000000000000000e+00,3.031238249999999912e+00,8.771794723000000404e-01,8.902508075000000076e+00,6.379479791999999705e+00,-0.000000000000000000e+00
3.000000000000000000e+00,2.323451066000000065e+00,3.006935329000000046e-01,1.500047139999999946e+00,5.330568558999999595e+00,-0.000000000000000000e+00
3.000000000000000000e+00,1.682778925999999897e+00,5.792373320000000492e-01,1.326240014999999950e+01,2.049240042000000095e+00,-0.000000000000000000e+00
3.000000000000000000e+00,4.401239655999999556e+00,7.168330456000000517e-01,5.622616236999999906e-01,7.682903310999999569e+00,-0.000000000000000000e+00
3.000000000000000000e+00,2.018531906000000209e+00,5.804396208000000001e-01,1.401808267999999913e+01,2.310302082000000201e+00,-0.000000000000000000e+00
3.000000000000000000e+00,1.371974272999999966e+00,1.191684551000000009e-01,2.068771343999999957e+00,4.128068464000000048e+00,-0.000000000000000000e+00
3.000000000000000000e+00,1.485556236000000085e+00,2.913718724000000093e-01,4.992398472999999726e+00,6.327078946999999953e-01,-0.000000000000000000e+00
3.000000000000000000e+00,1.010335959000000061e+00,2.122047565999999885e-01,5.728852844999999805e-01,4.333104511000000159e+00,-0.000000000000000000e+00
3.000000000000000000e+00,2.626417716999999818e+00,2.468852950000000046e-01,1.294109173000000013e+01,9.432912087999999473e-01,-0.000000000000000000e+00
3.000000000000000000e+00,2.997118557999999933e+00,3.220839357999999986e-01,6.615504775999999865e+00,1.024355475999999987e+00,-0.000000000000000000e+00
3.000000000000000000e+00,2.468190675999999861e+00,1.038330685999999947e-01,7.618150280000000052e-01,8.851588017999999281e+00,-0.000000000000000000e+00
3.000000000000000000e+00,1.962762617000000098e+00,4.888195584999999732e-01,5.766678773999999841e+00,3.306383949000000211e-01,-0.000000000000000000e+00
3.000000000000000000e+00,1.967502169999999939e+00,5.496325699999999870e-01,9.849630272000000630e+00,3.612851087000000128e+00,-0.000000000000000000e+00
3.000000000000000000e+00,3.044613668999999856e+00,7.618413762000000311e-01,1.399332609000000005e+01,4.935868825000000015e+00,-0.000000000000000000e+00
3.000000000000000000e+00,1.301585803999999902e+00,5.591476503000000209e-01,1.200562298000000006e+01,3.095831460999999840e-01,-0.000000000000000000e+00
3.000000000000000000e+00,2.236730173999999849e+00,6.128067901000000539e-01,4.021426442000000101e+00,1.030744034999999892e+00,-0.000000000000000000e+00
3.000000000000000000e+00,1.174786043999999974e+00,3.375617329999999749e-01,2.376526797999999996e+00,1.287759451000000110e+00,-0.000000000000000000e+00
3.000000000000000000e+00,1.919621449999999951e+00,7.999744032000000171e-01,1.059777326999999936e+01,3.933114870000000152e-01,-0.000000000000000000e+00
3.000000000000000000e+00,1.463023777000000081e+00,3.616106377000000149e-01,1.075684529999999972e+00,7.442847415000000133e+00,-0.000000000000000000e+00
3.000000000000000000e+00,1.485789277000000075e+00,2.577212630999999865e-01,1.670304604000000026e+00,1.444007075999999890e+00,-0.000000000000000000e+00
3.000000000000000000e+00,2.647549216999999899e+00,3.948574121999999798e-01,6.279572277999999841e+00,8.964217383999999456e+00,-0.000000000000000000e+00
3.000000000000000000e+00,2.751822419999999880e+00,4.889898817000000175e-01,2.834462793000000147e+00,2.999997282999999904e+00,-0.000000000000000000e+00
3.000000000000000000e+00,1.261140236999999997e+00,4.711477769999999898e-01,1.715066530000000000e+01,6.553522962000000174e-01,-0.000000000000000000e+00
3.000000000000000000e+00,2.945271170999999910e+00,1.055822141999999964e-01,6.173134332000000057e+00,1.777916075000000040e+00,-0.000000000000000000e+00
3.000000000000000000e+00,1.251641470999999894e+00,4.604821029999999760e-01,4.970353184999999563e+00,6.023661618000000217e-01,-0.000000000000000000e+00
3.000000000000000000e+00,1.273039266000000058e+00,8.565053007999999801e-01,2.203229837999999940e+00,1.121059814000000099e+00,-0.000000000000000000e+00
3.000000000000000000e+00,1.397272907999999925e+00,1.953951372999999936e-01,1.683905627999999988e+00,7.725999568999999845e+00,-0.000000000000000000e+00
3.000000000000000000e+00,2.188746125999999848e+00,3.075424178000000230e-01,1.717114612000000040e+00,2.955475222000000013e+00,-0.000000000000000000e+00
3.000000000000000000e+00,1.368590831999999979e+00,3.100853794999999802e-01,6.290806888000000097e-01,4.778467892000000106e+00,-0.000000000000000000e+00
3.000000000000000000e+00,2.446871624999999995e+00,3.459118210000000082e-01,7.919732611999999783e+00,4.844412919000000151e-01,-0.000000000000000000e+00
3.000000000000000000e+00,1.096466930000000062e+00,2.273092783000000006e-01,4.805314318999999834e+00,5.742370624999999507e-01,-0.000000000000000000e+00
3.000000000000000000e+00,1.081521071000000056e+00,2.806009441999999798e-01,1.389318529999999940e+00,9.967770679999999217e+00,-0.000000000000000000e+00
3.000000000000000000e+00,1.023273564999999996e+00,6.255362450000000463e-01,1.485822980000000015e+01,1.849384233000000100e+00,-0.000000000000000000e+00
3.000000000000000000e+00,3.913022740999999805e+00,1.229715252000000009e-01,9.087238272000000450e+00,4.036092900000000094e-01,-0.000000000000000000e+00
3.000000000000000000e+00,2.636864027000000110e+00,4.144991619999999766e-01,5.567858807000000354e+00,4.451253439000000256e+00,-0.000000000000000000e+00
3.000000000000000000e+00,2.971877403000000140e+00,3.658680908999999981e-01,3.665047673000000117e+00,6.597933821999999893e+00,-0.000000000000000000e+00
3.000000000000000000e+00,3.020801816000000084e+00,8.677221152999999854e-01,1.009942382000000016e+01,2.592563444000000050e+00,-0.000000000000000000e+00
3.000000000000000000e+00,1.167709663999999981e+00,6.070284193999999633e-01,9.300459117999999581e-01,1.393947886999999941e+00,-0.000000000000000000e+00
3.000000000000000000e+00,1.690047336999999983e+00,8.212905136999999467e-01,1.140894955000000088e+01,7.281228739000000338e+00,-0.000000000000000000e+00
3.000000000000000000e+00,2.865292977999999824e+00,2.267960330999999885e-01,1.938068613000000084e+01,6.758918454000000242e-01,-0.000000000000000000e+00
3.000000000000000000e+00,1.011492529999999945e+00,3.093949383999999858e-01,3.487579641999999924e-01,7.195603617999999813e+00,-0.000000000000000000e+00
3.000000000000000000e+00,1.196859086999999988e+00,4.155619120999999860e-01,1.114778880000000072e+01,9.038023960000000079e-01,-0.000000000000000000e+00
3.000000000000000000e+00,1.196757384999999951e+00,5.799307715999999502e-01,9.290727563000000799e+00,8.889560514000000024e-01,-0.000000000000000000e+00
3.000000000000000000e+00,1.569718130999999905e+00,8.959873438000000023e-01,1.676127726999999901e+00,7.094984144999999742e+00,-0.000000000000000000e+00
3.000000000000000000e+00,1.412971345999999961e+00,6.909951257999999985e-01,1.224925269999999955e+01,5.324518217999999470e-01,-0.000000000000000000e+00
3.000000000000000000e+00,1.242077480999999928e+00,3.115363898999999881e-01,1.280826943999999967e+00,3.644865992999999804e+00,-0.000000000000000000e+00
3.000000000000000000e+00,3.172761389000000154e+00,7.335437000000000207e-01,1.717932190000000148e+01,5.410392997999999842e-01,-0.000000000000000000e+00
3.000000000000000000e+00,1.520151223000000051e+00,5.562442777999999644e-01,1.605228469000000047e+01,7.214974181000000097e-01,-0.000000000000000000e+00
3.000000000000000000e+00,1.697195803999999919e+00,7.092129285999999588e-01,1.253647742999999970e+01,3.008140675000000042e-01,-0.000000000000000000e+00
3.000000000000000000e+00,2.305257233999999933e+00,5.853552295999999711e-01,5.569219512000000094e+00,6.633998953999999948e-01,-0.000000000000000000e+00
3.000000000000000000e+00,1.400661696000000012e+00,5.631063692000000120e-01,2.619856330999999816e+00,5.392001315000000128e-01,-0.000000000000000000e+00
3.000000000000000000e+00,2.449889490999999975e+00,6.838817208999999897e-01,1.012248291000000044e+01,9.819068029999999947e-01,-0.000000000000000000e+00
3.000000000000000000e+00,4.805605736000000405e+00,6.573068290000000369e-01,9.181201428999999692e+00,5.441684074000000537e-01,-0.000000000000000000e+00
3.000000000000000000e+00,4.242085750000000210e+00,8.708816828000000010e-01,6.338295474999999790e-01,7.419692730999999597e+00,-0.000000000000000000e+00
3.000000000000000000e+00,2.085905089999999795e+00,3.870162804000000234e-01,8.625090347000000435e+00,3.017435512000000042e+00,-0.000000000000000000e+00
3.000000000000000000e+00,2.458937241000000107e+00,3.484882823000000074e-01,2.251212907999999846e+00,3.962663972000000090e+00,-0.000000000000000000e+00
3.000000000000000000e+00,2.408531629000000063e+00,3.723901607999999808e-01,3.585812321000000136e+00,4.082354590999999644e+00,-0.000000000000000000e+00
3.000000000000000000e+00,4.379853106999999746e+00,2.689448280999999774e-01,1.845173155999999892e+01,1.249026769000000092e+00,-0.000000000000000000e+00
3.000000000000000000e+00,3.104412153000000174e+00,6.763976243000000554e-01,6.623330449000000009e+00,6.482609832999999711e+00,-0.000000000000000000e+00
3.000000000000000000e+00,3.102773116999999914e+00,6.698032471000000543e-01,1.306554313000000000e+01,7.263922068999999482e-01,-0.000000000000000000e+00
3.000000000000000000e+00,2.235595377000000106e+00,7.325726583999999653e-01,2.556946744000000216e+00,7.177803211999999711e+00,-0.000000000000000000e+00
3.000000000000000000e+00,2.203977123000000038e+00,3.222331580000000195e-01,9.836596047000000231e-01,6.227682611999999729e+00,-0.000000000000000000e+00
3.000000000000000000e+00,1.512499872000000023e+00,5.031849594999999731e-01,4.329172472000000216e-01,8.945589158000000651e+00,-0.000000000000000000e+00
3.000000000000000000e+00,2.820974072999999915e+00,2.528804568999999947e-01,7.979792641000000408e+00,3.126245093000000197e-01,-0.000000000000000000e+00
3.000000000000000000e+00,1.359878004000000029e+00,1.073028751000000003e-01,5.015938322000000227e+00,6.714322602000000195e-01,-0.000000000000000000e+00
3.000000000000000000e+00,1.806209154000000039e+00,3.275158374000000094e-01,3.941557200000000094e+00,3.342435751000000232e-01,-0.000000000000000000e+00
3.000000000000000000e+00,3.403050160999999907e+00,1.344730635999999979e-01,1.744346468000000172e+01,5.583154575000000008e+00,-0.000000000000000000e+00
3.000000000000000000e+00,3.310603575000000021e+00,4.660690002000000276e-01,1.450557895999999936e+01,3.900836763000000040e+00,-0.000000000000000000e+00
3.000000000000000000e+00,1.840952963999999970e+00,2.019643241999999894e-01,1.304382206999999960e+00,2.805693361999999969e+00,-0.000000000000000000e+00
3.000000000000000000e+00,1.635757464000000105e+00,5.482695687999999956e-01,8.304174816999999820e+00,6.109559235999999505e-01,-0.000000000000000000e+00
3.000000000000000000e+00,1.114405513999999986e+00,6.699388509999999464e-01,8.900357005000000044e+00,3.397014769999999739e-01,-0.000000000000000000e+00
3.000000000000000000e+00,3.882727716999999856e+00,8.297474663999999667e-01,9.880229339999999638e-01,9.309500183999999123e+00,-0.000000000000000000e+00
3.000000000000000000e+00,2.787542317999999852e+00,7.628819070000000258e-01,9.812071977000000444e+00,6.299988224000000470e-01,-0.000000000000000000e+00
3.000000000000000000e+00,1.071028521999999983e+00,3.916953269999999820e-01,1.523563114999999968e+01,2.923141901999999792e+00,-0.000000000000000000e+00
3.000000000000000000e+00,1.637884480000000087e+00,7.246293179999999667e-01,3.413844463000000218e+00,5.181267024000000276e-01,-0.000000000000000000e+00
3.000000000000000000e+00,1.989229898999999913e+00,1.151515012000000060e-01,4.434753345999999929e+00,5.921833369999999874e+00,-0.000000000000000000e+00
3.000000000000000000e+00,1.843620473999999954e+00,6.917858193000000488e-01,6.982443788000000318e+00,4.072594890000000412e+00,-0.000000000000000000e+00
3.000000000000000000e+00,1.613450553999999926e+00,3.118402930999999989e-01,2.515564166999999962e+00,6.373238380000000314e-01,-0.000000000000000000e+00
3.000000000000000000e+00,1.133885456000000014e+00,6.877384998000000138e-01,1.078290779999999893e+00,1.958066628999999947e+00,-0.000000000000000000e+00
3.000000000000000000e+00,2.258643291999999914e+00,2.894172955000000047e-01,6.207708593000000441e+00,5.449102484000000191e-01,-0.000000000000000000e+00
3.000000000000000000e+00,1.109091942999999914e+00,7.217563307000000039e-01,1.319017042000000028e+00,8.790822088999999950e-01,-0.000000000000000000e+00
3.000000000000000000e+00,1.268073012999999971e+00,5.056445249000000031e-01,4.099200730999999820e+00,2.674307656999999949e+00,-0.000000000000000000e+00
3.000000000000000000e+00,4.517459429999999720e+00,6.601108207000000450e-01,7.680063878000000344e+00,5.845889342000000433e+00,-0.000000000000000000e+00
3.000000000000000000e+00,3.222524135000000012e+00,8.373135739000000521e-01,9.842475430000000358e+00,7.558884215000000184e-01,-0.000000000000000000e+00
3.000000000000000000e+00,4.271733917999999797e+00,4.764603373999999891e-01,1.800249715000000084e+00,7.044372908999999794e+00,-0.000000000000000000e+00
3.000000000000000000e+00,2.196811294999999831e+00,3.932467295000000029e-01,1.846562650999999988e+01,2.257470513999999984e+00,-0.000000000000000000e+00
3.000000000000000000e+00,2.497631467000000161e+00,1.457567449000000126e-01,8.349332459999999401e+00,2.009188186999999903e+00,-0.000000000000000000e+00
3.000000000000000000e+00,3.614688976000000054e+00,2.519869296999999730e-01,5.980346159999999855e+00,3.147487233000000106e+00,-0.000000000000000000e+00
3.000000000000000000e+00,1.050886462000000021e+00,5.596277324999999747e-01,1.261681702999999999e+01,5.363596083000000014e+00,-0.000000000000000000e+00
3.000000000000000000e+00,1.043402649999999987e+00,7.737005461000000528e-01,3.701607559999999797e+00,4.723180490000000176e-01,-0.000000000000000000e+00
3.000000000000000000e+00,3.911892297000000074e+00,5.320687114000000051e-01,8.056649674999999178e+00,4.025171913000000323e+00,-0.000000000000000000e+00
3.000000000000000000e+00,1.186046885999999967e+00,5.968181261999999654e-01,1.613294059000000047e+01,3.366394006000000272e-01,-0.000000000000000000e+00
3.000000000000000000e+00,1.043033045999999908e+00,1.474354887999999864e-01,1.732979496000000008e+00,3.063663694000000048e-01,-0.000000000000000000e+00
3.000000000000000000e+00,1.553458137000000017e+00,4.526784857000000217e-01,1.371061489999999949e+01,3.626618676000000208e-01,-0.000000000000000000e+00
3.000000000000000000e+00,4.307157730000000129e+00,7.662356997000000502e-01,1.049511930000000071e+01,1.443530371999999895e+00,-0.000000000000000000e+00
3.000000000000000000e+00,1.816867696999999948e+00,2.888055538000000033e-01,3.432422984000000010e+00,2.821717803999999941e+00,-0.000000000000000000e+00
3.000000000000000000e+00,1.628707107999999959e+00,7.795370699000000458e-01,1.672757403999999948e+00,7.709601138000000020e+00,-0.000000000000000000e+00
3.000000000000000000e+00,4.669034443000000145e+00,3.113691467999999962e-01,1.213881192999999925e+01,1.288948293000000023e+00,-0.000000000000000000e+00
3.000000000000000000e+00,2.988269846000000118e+00,3.303357231999999866e-01,1.469882200000000028e+00,5.994118513000000092e+00,-0.000000000000000000e+00
3.000000000000000000e+00,3.810568071000000057e+00,6.264946385999999867e-01,1.287163201000000035e+00,9.119629705999999558e+00,-0.000000000000000000e+00
3.000000000000000000e+00,4.128670576000000203e+00,1.125510596999999974e-01,3.536112260000000007e-01,5.944695096000000234e+00,-0.000000000000000000e+00
3.000000000000000000e+00,3.748812726000000151e+00,3.568834663000000074e-01,1.959004871999999864e+01,9.861284718999999699e-01,-0.000000000000000000e+00
3.000000000000000000e+00,3.977460649000000181e+00,1.501479510000000017e-01,1.097177560000000085e+01,1.094700857999999943e+00,-0.000000000000000000e+00
3.000000000000000000e+00,3.501028465000000089e+00,3.336053896999999768e-01,1.694558600999999998e+00,5.242342316000000224e+00,-0.000000000000000000e+00
3.000000000000000000e+00,4.182029198999999586e+00,5.941512473000000183e-01,1.630754512000000034e+01,1.733274866999999997e+00,-0.000000000000000000e+00
3.000000000000000000e+00,1.365461609000000021e+00,3.754141753999999942e-01,1.829877407000000034e+01,1.490663078000000086e+00,-0.000000000000000000e+00
3.000000000000000000e+00,2.374907363000000160e+00,2.287176331000000118e-01,5.162392576000000233e+00,7.122064737000000090e-01,-0.000000000000000000e+00
3.000000000000000000e+00,2.887149337999999954e+00,3.776425420000000255e-01,3.194774919999999963e+00,8.654428278999999335e+00,-0.000000000000000000e+00
3.000000000000000000e+00,4.562265779999999715e+00,7.076318569999999752e-01,7.891991733000000231e+00,3.715769078000000114e+00,-0.000000000000000000e+00
3.000000000000000000e+00,1.303374172000000053e+00,2.835347665999999878e-01,1.671781312999999969e+01,8.338538484000000750e+00,-0.000000000000000000e+00
3.000000000000000000e+00,2.266536657000000066e+00,3.882149143999999996e-01,6.671827829999999793e+00,2.441506493999999972e+00,-0.000000000000000000e+00
3.000000000000000000e+00,1.395363128999999924e+00,4.879632121999999961e-01,6.566177998999999765e+00,1.343720390000000098e+00,-0.000000000000000000e+00
3.000000000000000000e+00,1.183206194000000044e+00,1.547002661999999917e-01,3.795547341000000130e-01,6.674020216999999811e+00,-0.000000000000000000e+00
3.000000000000000000e+00,1.782801466000000001e+00,4.696897347999999806e-01,4.830068111000000108e+00,7.233435447999999601e-01,-0.000000000000000000e+00
3.000000000000000000e+00,1.516215335999999914e+00,6.015571079000000543e-01,5.338519830000000077e+00,8.282643793999999726e-01,-0.000000000000000000e+00
3.000000000000000000e+00,4.670959673999999673e+00,3.713957152999999844e-01,1.599482217999999989e+01,3.509712523000000139e+00,-0.000000000000000000e+00
3.000000000000000000e+00,2.384518726000000033e+00,4.635960223000000213e-01,7.614287070999999685e+00,5.313435589999999653e-01,-0.000000000000000000e+00
3.000000000000000000e+00,2.216782687999999890e+00,2.164117224000000062e-01,7.548360259999999933e+00,4.864510592999999883e-01,-0.000000000000000000e+00
3.000000000000000000e+00,1.652596232999999915e+00,4.503193603999999794e-01,2.024667334000000096e+00,5.740839253999999947e+00,-0.000000000000000000e+00
3.000000000000000000e+00,2.035585882999999985e+00,6.020544346999999741e-01,6.758895126999999725e+00,1.437394657000000020e+00,-0.000000000000000000e+00
3.000000000000000000e+00,2.121791430000000034e+00,8.574157985000000481e-01,1.323250106000000059e+01,2.666726660000000138e+00,-0.000000000000000000e+00
3.000000000000000000e+00,1.877169654000000021e+00,4.525220138000000114e-01,1.725527059999999890e+00,4.247010973000000078e+00,-0.000000000000000000e+00
3.000000000000000000e+00,3.271595505000000070e+00,6.526523546000000398e-01,1.155936907000000069e+00,5.220187763000000203e+00,-0.000000000000000000e+00
3.000000000000000000e+00,1.788356059999999914e+00,2.224906584000000132e-01,1.474487315999999915e+01,2.605596992000000167e+00,-0.000000000000000000e+00
3.000000000000000000e+00,1.272423147999999893e+00,7.788139625000000121e-01,5.612246898999999623e-01,2.350633929999999872e+00,-0.000000000000000000e+00
3.000000000000000000e+00,3.210420137999999923e+00,8.503854787000000304e-01,1.049660176999999983e+01,1.236067572999999920e+00,-0.000000000000000000e+00
3.000000000000000000e+00,1.789973953000000062e+00,6.656106083999999701e-01,6.501507692999999755e+00,7.996311857000000245e-01,-0.000000000000000000e+00
3.000000000000000000e+00,2.428060256999999833e+00,5.160121238000000554e-01,2.095929262999999931e+00,3.304835086000000199e+00,-0.000000000000000000e+00
3.000000000000000000e+00,2.929205499000000046e+00,1.970720375999999996e-01,4.933669090000000423e+00,9.256578245000000038e-01,-0.000000000000000000e+00
3.000000000000000000e+00,2.313860202999999949e+00,3.948971310000000123e-01,7.647438932000000023e+00,4.517710468000000201e-01,-0.000000000000000000e+00
3.000000000000000000e+00,1.294969054999999925e+00,8.756198965000000500e-01,1.174542374999999916e+00,7.851721039000000069e+00,-0.000000000000000000e+00
3.000000000000000000e+00,3.987385515999999797e+00,6.293253052999999708e-01,1.506548575999999962e+01,7.831141609999999753e-01,-0.000000000000000000e+00
3.000000000000000000e+00,2.692434806000000069e+00,5.658277093000000368e-01,4.429279424999999826e+00,1.360764300999999898e+00,-0.000000000000000000e+00
3.000000000000000000e+00,1.251636163999999996e+00,4.490246334999999922e-01,4.332570818999999851e+00,8.547738675999999813e+00,-0.000000000000000000e+00
3.000000000000000000e+00,3.075253221000000092e+00,7.028062439000000161e-01,3.035702080000000080e-01,8.829402405999999814e+00,-0.000000000000000000e+00
3.000000000000000000e+00,3.353702816000000198e+00,5.199362673999999851e-01,6.901935904000000122e+00,2.289696256000000041e+00,-0.000000000000000000e+00
3.000000000000000000e+00,1.605226768999999942e+00,2.536688648000000046e-01,1.719131338000000042e+01,5.573259561000000417e+00,-0.000000000000000000e+00
3.000000000000000000e+00,3.283166785000000143e+00,5.912523765999999625e-01,9.104721672000000154e+00,3.252336527000000199e+00,-0.000000000000000000e+00
3.000000000000000000e+00,1.166644132999999917e+00,2.302920877000000088e-01,1.281648440000000022e+01,4.305613507000000340e+00,-0.000000000000000000e+00
3.000000000000000000e+00,3.072191251000000012e+00,6.591491175999999452e-01,4.974348543999999706e+00,3.692405355000000222e-01,-0.000000000000000000e+00
3.000000000000000000e+00,2.908692648000000158e+00,2.945249173999999748e-01,4.312913243999999757e+00,9.726205415000000798e+00,-0.000000000000000000e+00
3.000000000000000000e+00,2.721711957000000126e+00,6.683734130999999801e-01,6.953375881000000369e+00,1.442153427999999904e+00,-0.000000000000000000e+00
3.000000000000000000e+00,1.290607701000000107e+00,3.978004781999999739e-01,1.233557219000000060e+01,2.549698031000000142e+00,-0.000000000000000000e+00
3.000000000000000000e+00,1.388440799999999919e+00,3.513429511000000227e-01,1.955454671000000033e+00,3.691591506999999939e-01,-0.000000000000000000e+00
3.000000000000000000e+00,4.393301254999999905e+00,6.802572268000000033e-01,6.620691586000000406e+00,7.176542343999999574e+00,-0.000000000000000000e+00
3.000000000000000000e+00,2.682784716000000014e+00,4.520355247999999770e-01,1.555321707999999958e+01,6.308135261000000327e+00,-0.000000000000000000e+00
3.000000000000000000e+00,4.811230046999999566e+00,6.015702911000000430e-01,1.146490713000000028e+01,1.099612660000000020e+00,-0.000000000000000000e+00
3.000000000000000000e+00,3.984201958999999960e+00,8.711437784000000129e-01,1.580005163999999951e+01,2.830604507999999964e+00,-0.000000000000000000e+00
3.000000000000000000e+00,3.311696801000000079e+00,3.328641267999999931e-01,5.323471353000000406e+00,5.868906261999999874e-01,-0.000000000000000000e+00
3.000000000000000000e+00,3.095343558999999800e+00,4.831528757999999923e-01,8.472169645999999554e-01,4.798472752000000341e+00,-0.000000000000000000e+00
3.000000000000000000e+00,2.791877056000000135e+00,2.543179949000000106e-01,6.189117524000000259e+00,3.065913632000000222e-01,-0.000000000000000000e+00
3.000000000000000000e+00,1.332705709000000072e+00,6.678153708999999827e-01,4.517778383999999647e+00,6.163238679000000442e-01,-0.000000000000000000e+00
3.000000000000000000e+00,1.761309079000000111e+00,8.295107605999999523e-01,4.585853551999999667e+00,5.781386576000000499e-01,-0.000000000000000000e+00
3.000000000000000000e+00,1.517586445000000062e+00,7.918919181000000362e-01,7.203156285000000381e+00,2.063966064000000156e+00,-0.000000000000000000e+00
3.000000000000000000e+00,1.067460960000000014e+00,3.815703181000000277e-01,4.272975902999999853e+00,6.379124093000000384e-01,-0.000000000000000000e+00
3.000000000000000000e+00,2.973863388999999913e+00,6.945171117999999755e-01,8.543581873000000826e+00,3.390785873000000006e+00,-0.000000000000000000e+00
3.000000000000000000e+00,3.224703662000000026e+00,6.880886746000000054e-01,9.173912653000000361e+00,3.421959236000000071e-01,-0.000000000000000000e+00
3.000000000000000000e+00,1.295999423999999900e+00,1.474918328000000001e-01,3.105334624999999793e+00,5.107352646999999912e+00,-0.000000000000000000e+00
3.000000000000000000e+00,1.138143753000000036e+00,7.902729391999999686e-01,3.436879747999999957e+00,2.921598439999999908e+00,-0.000000000000000000e+00
3.000000000000000000e+00,3.263467057000000171e+00,1.931241636999999900e-01,5.562466252000000111e+00,4.267325143999999848e-01,-0.000000000000000000e+00
3.000000000000000000e+00,1.455422718999999976e+00,6.517827849999999756e-01,1.098755466000000069e+01,4.702219489000000197e-01,-0.000000000000000000e+00
3.000000000000000000e+00,2.325189504999999990e+00,4.966208465999999988e-01,1.703624600999999927e+01,6.689050484999999879e-01,-0.000000000000000000e+00
3.000000000000000000e+00,1.640988042999999896e+00,7.257324360000000363e-01,6.295427176000000236e-01,5.892054888999999740e+00,-0.000000000000000000e+00
3.000000000000000000e+00,4.475550367000000307e+00,6.561866018999999994e-01,1.152223225000000006e+01,2.040701722000000107e+00,-0.000000000000000000e+00
3.000000000000000000e+00,3.490609913000000120e+00,1.163509241000000027e-01,5.164234672000000081e+00,3.779665415999999833e-01,-0.000000000000000000e+00
3.000000000000000000e+00,1.827914330000000032e+00,6.036695359999999511e-01,1.426430713999999966e+01,7.583308774999999891e+00,-0.000000000000000000e+00
3.000000000000000000e+00,2.851375143999999917e+00,3.421959694999999746e-01,7.644897041000000115e+00,3.754862930000000265e-01,-0.000000000000000000e+00
3.000000000000000000e+00,3.359098416000000142e+00,3.925421492000000234e-01,1.375617933999999920e+01,3.047244168000000086e-01,-0.000000000000000000e+00
3.000000000000000000e+00,2.094868481999999865e+00,4.118655823999999854e-01,2.124658318999999906e+00,5.418940508000000378e+00,-0.000000000000000000e+00
3.000000000000000000e+00,1.141062782999999969e+00,3.041905396999999844e-01,1.363025750999999985e+01,1.972162245999999897e+00,-0.000000000000000000e+00
3.000000000000000000e+00,2.467930817000000054e+00,7.064334407000000260e-01,1.835714520000000149e+01,3.372550794999999990e+00,-0.000000000000000000e+00
3.000000000000000000e+00,1.475907429999999909e+00,6.594791558999999470e-01,1.365136013000000093e+00,4.712782519000000114e+00,-0.000000000000000000e+00
3.000000000000000000e+00,1.445890882999999905e+00,7.554253295999999729e-01,3.555223165000000130e+00,6.465544471999999931e-01,-0.000000000000000000e+00
3.000000000000000000e+00,1.550096243999999901e+00,1.367617573999999891e-01,7.413816468000000270e+00,3.568013854000000040e-01,-0.000000000000000000e+00
3.000000000000000000e+00,4.659612442000000243e+00,6.011622413999999637e-01,1.715140363000000079e+01,1.086518101000000014e+00,-0.000000000000000000e+00
3.000000000000000000e+00,2.559342491000000219e+00,2.347743298999999950e-01,7.831492435000000363e+00,2.368644113999999856e+00,-0.000000000000000000e+00
3.000000000000000000e+00,1.129062757000000028e+00,2.393305135999999889e-01,3.619015996999999984e+00,4.870545629000000432e+00,-0.000000000000000000e+00
3.000000000000000000e+00,2.605081052000000064e+00,5.754143266000000256e-01,3.631225979999999964e+00,1.590366536000000108e+00,-0.000000000000000000e+00
3.000000000000000000e+00,3.333276899999999987e+00,3.315446632999999865e-01,4.685840254000000371e+00,9.216355287999999923e-01,-0.000000000000000000e+00
3.000000000000000000e+00,3.216217059999999961e+00,6.391146278999999542e-01,7.173821679999999645e+00,4.315338431999999891e-01,-0.000000000000000000e+00
3.000000000000000000e+00,1.785277833999999952e+00,6.100742181999999625e-01,7.882527899000000282e+00,9.874319619999999631e+00,-0.000000000000000000e+00
3.000000000000000000e+00,3.678543585999999976e+00,7.753609230000000352e-01,5.330919124000000231e+00,4.172834917000000310e+00,-0.000000000000000000e+00
3.000000000000000000e+00,4.637458855000000213e+00,6.359462820000000294e-01,1.315566064999999973e+01,5.304393015999999683e-01,-0.000000000000000000e+00
3.000000000000000000e+00,3.186224709000000210e+00,4.746563221000000277e-01,1.393592381000000024e+01,5.560149464000000208e+00,-0.000000000000000000e+00
3.000000000000000000e+00,1.191852571999999943e+00,3.228322569000000031e-01,5.006026433000000386e-01,9.367309453000000730e+00,-0.000000000000000000e+00
3.000000000000000000e+00,3.811611552000000014e+00,8.076972033000000550e-01,1.631093800000000016e+01,2.252009962999999892e+00,-0.000000000000000000e+00
3.000000000000000000e+00,1.531509664000000104e+00,1.751468905999999937e-01,3.281531923999999822e+00,2.355689974000000131e+00,-0.000000000000000000e+00
3.000000000000000000e+00,3.258024837999999868e+00,1.394478715999999952e-01,9.015157279000000301e+00,8.707132233000000054e-01,-0.000000000000000000e+00
3.000000000000000000e+00,1.581610932000000025e+00,4.901486058999999784e-01,5.232151519000000306e+00,8.597877563999999140e+00,-0.000000000000000000e+00
3.000000000000000000e+00,1.270876847999999892e+00,6.050830947999999987e-01,4.797630716999999656e+00,1.823425077000000005e+00,-0.000000000000000000e+00
3.000000000000000000e+00,4.833117033999999812e+00,6.038398849999999651e-01,1.002837723999999930e+01,4.767712991999999872e+00,-0.000000000000000000e+00
3.000000000000000000e+00,2.154902353999999853e+00,8.180451337999999906e-01,3.753100281999999788e-01,3.286377404000000002e+00,-0.000000000000000000e+00
3.000000000000000000e+00,1.313169881999999955e+00,3.830231982999999785e-01,2.825273166000000113e+00,1.106351874000000013e+00,-0.000000000000000000e+00
3.000000000000000000e+00,1.558650950000000091e+00,1.779596720000000132e-01,8.652659845000000516e+00,5.078180442999999933e-01,-0.000000000000000000e+00
3.000000000000000000e+00,1.854186652000000102e+00,3.183355934000000054e-01,5.419591891999999689e-01,9.680051508000000027e+00,-0.000000000000000000e+00
3.000000000000000000e+00,1.453893654999999896e+00,8.544037916000000177e-01,2.090981009000000057e+00,3.431646498000000101e+00,-0.000000000000000000e+00
3.000000000000000000e+00,1.293026255000000013e+00,2.348907131999999898e-01,1.250762697000000045e+01,3.228119750999999815e-01,-0.000000000000000000e+00
3.000000000000000000e+00,1.039575829999999979e+00,3.908368080999999883e-01,4.550144930999999726e-01,2.511279006000000091e+00,-0.000000000000000000e+00
3.000000000000000000e+00,2.919147284000000120e+00,8.665279210999999870e-01,3.739487745000000252e-01,4.228956218999999628e+00,-0.000000000000000000e+00
3.000000000000000000e+00,1.399107112999999902e+00,3.796187806999999914e-01,3.570532952999999843e+00,3.966391756999999796e+00,-0.000000000000000000e+00
3.000000000000000000e+00,4.811011921999999608e+00,6.450500587999999924e-01,1.843525297000000007e+00,8.577030432000000815e+00,-0.000000000000000000e+00
3.000000000000000000e+00,1.031708000999999930e+00,2.777701731000000174e-01,9.777918587000000272e+00,3.248806542000000075e-01,-0.000000000000000000e+00
3.000000000000000000e+00,1.591771518999999913e+00,1.611768784000000010e-01,4.557533024999999682e+00,5.557388587999999574e-01,-0.000000000000000000e+00
3.000000000000000000e+00,3.748578751000000153e+00,2.254846527000000100e-01,1.576018189999999919e+01,6.922222292999999915e-01,-0.000000000000000000e+00
3.000000000000000000e+00,1.537417927999999989e+00,2.675879945999999898e-01,2.097112038000000123e+00,6.478311323000000010e-01,-0.000000000000000000e+00
3.000000000000000000e+00,1.380294890999999913e+00,4.667850278999999825e-01,9.771090684000000692e+00,5.655961568999999800e-01,-0.000000000000000000e+00
3.000000000000000000e+00,1.347792292999999919e+00,6.291430579000000245e-01,5.373365245999999651e+00,3.107777721000000160e+00,-0.000000000000000000e+00
3.000000000000000000e+00,1.192119850999999953e+00,4.480429967999999818e-01,4.092316638999999867e+00,2.503861152999999895e+00,-0.000000000000000000e+00
3.000000000000000000e+00,1.213021394000000086e+00,1.677198230999999984e-01,2.307006219999999885e+00,8.932424693999999610e-01,-0.000000000000000000e+00
3.000000000000000000e+00,4.941295657999999591e+00,6.946647989999999995e-01,1.139071236999999925e+01,3.672786541999999876e+00,-0.000000000000000000e+00
3.000000000000000000e+00,1.109997400999999995e+00,3.996494952999999906e-01,9.657784107000000340e-01,9.322587131000000582e+00,-0.000000000000000000e+00
3.000000000000000000e+00,1.078933699000000024e+00,5.792896694000000402e-01,1.469882205000000042e+01,3.068223403000000182e+00,-0.000000000000000000e+00
3.000000000000000000e+00,1.526728225999999911e+00,8.393961978999999740e-01,2.461701884000000007e+00,2.227092600999999839e+00,-0.000000000000000000e+00
3.000000000000000000e+00,2.484858957999999785e+00,2.006335894000000064e-01,1.050006690000000020e+00,8.075144730999999965e+00,-0.000000000000000000e+00
3.000000000000000000e+00,1.298460869999999989e+00,7.896754938000000168e-01,1.484583374000000067e+00,2.140947303999999995e+00,-0.000000000000000000e+00
3.000000000000000000e+00,2.462897691999999861e+00,5.656762700999999893e-01,4.933330784999999885e+00,2.762426254999999831e+00,-0.000000000000000000e+00
3.000000000000000000e+00,3.680772462999999828e+00,6.460995014000000536e-01,1.488733475000000084e+01,6.721102872999999978e-01,-0.000000000000000000e+00
3.000000000000000000e+00,2.345811800999999974e+00,5.285590101999999568e-01,5.028382552000000061e+00,2.945871685999999823e+00,-0.000000000000000000e+00
3.000000000000000000e+00,3.252465753000000070e+00,8.116986472999999647e-01,1.142997167000000047e+01,2.518067154000000141e+00,-0.000000000000000000e+00
3.000000000000000000e+00,1.741326549000000057e+00,3.398429376000000057e-01,1.602963466999999920e+00,2.435000720000000118e+00,-0.000000000000000000e+00
3.000000000000000000e+00,1.358027110999999953e+00,3.857677178999999734e-01,1.398316628999999978e+01,3.320984392000000174e+00,-0.000000000000000000e+00
3.000000000000000000e+00,1.858886902000000063e+00,3.873799499999999729e-01,1.538967959999999913e+01,2.614813454000000092e+00,-0.000000000000000000e+00
3.000000000000000000e+00,1.099588798999999950e+00,1.358225185999999973e-01,4.943661736000000140e-01,9.610282353000000555e+00,-0.000000000000000000e+00
3.000000000000000000e+00,1.760207298999999947e+00,1.271990803999999975e-01,4.196098137000000006e-01,2.799688263999999815e+00,-0.000000000000000000e+00
3.000000000000000000e+00,3.727353954999999885e+00,8.729244926000000460e-01,1.540968280999999962e+01,1.144172796999999964e+00,-0.000000000000000000e+00
3.000000000000000000e+00,1.355448481000000038e+00,5.481988079999999819e-01,1.310293652999999914e+01,4.221940406999999951e+00,-0.000000000000000000e+00
3.000000000000000000e+00,1.624331632000000081e+00,3.487209439999999772e-01,3.265187210000000118e+00,3.277019642999999816e-01,-0.000000000000000000e+00
3.000000000000000000e+00,3.231316333000000096e+00,7.810295752999999452e-01,1.388618763000000023e+01,4.156277745999999773e+00,-0.000000000000000000e+00
3.000000000000000000e+00,1.321542870000000036e+00,3.288659868000000097e-01,1.747680732000000070e+00,7.119733856000000083e-01,-0.000000000000000000e+00
3.000000000000000000e+00,1.368026066999999957e+00,3.090640617000000034e-01,1.179686094999999924e+01,8.314520114000000461e+00,-0.000000000000000000e+00
3.000000000000000000e+00,3.176618668000000145e+00,3.849486661000000032e-01,1.999954101999999878e+01,5.191180343000000308e-01,-0.000000000000000000e+00
3.000000000000000000e+00,4.949378818999999652e+00,3.665022667000000234e-01,7.930523154000000297e+00,4.470882078999999787e-01,-0.000000000000000000e+00
3.000000000000000000e+00,2.907140145000000064e+00,7.031044473999999989e-01,1.709624130999999991e+01,9.717533019999999855e-01,-0.000000000000000000e+00
3.000000000000000000e+00,1.555943187000000005e+00,8.079718662000000551e-01,2.057346223999999779e+00,3.533661035999999811e+00,-0.000000000000000000e+00
3.000000000000000000e+00,1.132874622000000109e+00,5.528555778000000531e-01,6.621662967999999871e+00,6.921936144000000457e-01,-0.000000000000000000e+00
3.000000000000000000e+00,1.300068610000000069e+00,6.262264470999999721e-01,5.040596712999999562e-01,5.652040250999999849e+00,-0.000000000000000000e+00
3.000000000000000000e+00,4.174433586000000140e+00,5.888065821000000311e-01,3.183193971000000122e+00,9.883152859999999151e+00,-0.000000000000000000e+00
3.000000000000000000e+00,3.033438040000000058e+00,4.816733527000000015e-01,5.980314098000000023e+00,2.336872067999999913e+00,-0.000000000000000000e+00
3.000000000000000000e+00,1.260974829000000019e+00,5.491539953999999835e-01,1.352497909999999948e+01,6.716570896000000346e-01,-0.000000000000000000e+00
3.000000000000000000e+00,1.331519330999999973e+00,2.968346174000000004e-01,4.353377329999999823e+00,1.696239824000000063e+00,-0.000000000000000000e+00
3.000000000000000000e+00,2.506702326000000092e+00,2.099284388999999862e-01,7.543873261999999968e+00,2.469516845999999877e+00,-0.000000000000000000e+00
3.000000000000000000e+00,3.422672669999999862e+00,4.841230444999999882e-01,6.783134826000000395e+00,1.153539268000000062e+00,-0.000000000000000000e+00
3.000000000000000000e+00,2.790226318000000205e+00,1.127880078000000064e-01,4.708271635000000011e+00,5.344967654000000401e+00,-0.000000000000000000e+00
3.000000000000000000e+00,1.109322396999999905e+00,4.781472657999999987e-01,4.998795605999999836e+00,3.348503022000000051e+00,-0.000000000000000000e+00
3.000000000000000000e+00,4.906893037999999763e+00,6.767563542000000210e-01,1.687526267000000146e+01,9.238424625000000390e+00,-0.000000000000000000e+00
3.000000000000000000e+00,1.109510065999999906e+00,7.334618777000000422e-01,2.620443815999999870e+00,7.077472871000000110e-01,-0.000000000000000000e+00
3.000000000000000000e+00,1.137349431999999938e+00,8.953573944999999590e-01,4.308744146999999636e+00,7.315048646999999793e-01,-0.000000000000000000e+00
3.000000000000000000e+00,4.258552510000000346e+00,4.364733152999999977e-01,8.277758881000000457e+00,2.988351140999999878e+00,-0.000000000000000000e+00
3.000000000000000000e+00,1.961628399999999939e+00,3.244688035000000137e-01,5.591543516000000436e-01,7.353209558999999729e+00,-0.000000000000000000e+00
3.000000000000000000e+00,3.579310120000000150e+00,6.482153727999999671e-01,1.830871188000000060e+01,1.349923492999999919e+00,-0.000000000000000000e+00
3.000000000000000000e+00,1.516993102999999898e+00,8.544371793999999687e-01,7.032740225000000400e+00,8.254169564000000126e-01,-0.000000000000000000e+00
3.000000000000000000e+00,3.884296886000000004e+00,2.062059809000000021e-01,1.197499172999999928e+01,3.843530411000000147e+00,-0.000000000000000000e+00
3.000000000000000000e+00,1.296727862000000009e+00,6.447101917999999987e-01,1.633552037000000068e+00,9.166426630999999770e-01,-0.000000000000000000e+00
3.000000000000000000e+00,2.710989425999999813e+00,6.602188245000000233e-01,1.276850886999999979e+01,1.393568621000000007e+00,-0.000000000000000000e+00
3.000000000000000000e+00,1.226679601999999925e+00,1.118753727999999975e-01,1.297280063999999955e+00,8.416800130000000379e+00,-0.000000000000000000e+00
3.000000000000000000e+00,1.553874355999999901e+00,4.180633011000000065e-01,2.492742563999999827e+00,4.732646336000000176e+00,-0.000000000000000000e+00
3.000000000000000000e+00,1.972180835999999937e+00,1.567733302000000051e-01,1.584094211999999935e+01,5.524237912000000250e+00,-0.000000000000000000e+00
3.000000000000000000e+00,2.964547848000000041e+00,5.231399797000000351e-01,4.271489500000000383e+00,9.172810971000000535e+00,-0.000000000000000000e+00
3.000000000000000000e+00,3.309909365999999853e+00,6.900835989000000392e-01,7.929960572999999791e+00,3.354671976999999972e-01,-0.000000000000000000e+00
3.000000000000000000e+00,3.115123037000000039e+00,6.254787738999999513e-01,7.642981292999999621e-01,7.176472056999999793e+00,-0.000000000000000000e+00
3.000000000000000000e+00,1.163632360999999893e+00,8.243919293999999454e-01,3.042238676000000197e+00,6.877767742999999712e+00,-0.000000000000000000e+00
3.000000000000000000e+00,2.274671071000000211e+00,4.695609050999999812e-01,8.240997589999999873e-01,9.786204806000000644e+00,-0.000000000000000000e+00
3.000000000000000000e+00,1.460358821000000029e+00,3.986784368999999884e-01,3.728955754999999872e+00,5.035512707999999726e+00,-0.000000000000000000e+00
3.000000000000000000e+00,2.249424612999999962e+00,1.949427649999999901e-01,8.532194260000000696e+00,1.924250457000000081e+00,-0.000000000000000000e+00
3.000000000000000000e+00,3.013535934000000083e+00,8.203771389999999775e-01,9.011890221999999895e+00,3.788701876000000190e+00,-0.000000000000000000e+00
3.000000000000000000e+00,1.358088285000000006e+00,3.355228792000000126e-01,5.055107293999999918e+00,1.104414098999999982e+00,-0.000000000000000000e+00
3.000000000000000000e+00,1.655556322000000025e+00,4.190256549999999969e-01,1.637035532999999887e+01,8.370442508000000004e-01,-0.000000000000000000e+00
3.000000000000000000e+00,3.688432786999999990e+00,2.385282707999999974e-01,7.609099359000000007e+00,3.219884516000000030e-01,-0.000000000000000000e+00
